title,source,date,link
[교내-장학일정] 2022학년도 장학금 일정 안내(학부)...,학생지원부,2022-01-13,https://portal.korea.ac.kr/front/Intro.kpd
[선발결과] 2022학년도 국가근로장학생 선발 및 사전교육 안내...,학생지원부,2022-01-13,https://portal.korea.ac.kr/front/Intro.kpd
[선발결과] 2022학년도 교외장학재단 신규장학생 선발 결과 안내...,학생지원부,2022-01-13,https://portal.korea.ac.kr/front/Intro.kpd
[선발결과] 2022학년도 기금장학금 장학생 선발 안내,학생지원부,2021-08-12,https://portal.korea.ac.kr/front/Intro.kpd
[교내-6/10] 2022학년도 1학기 미래로 및 면학장학금 재심(2차) ...,학생지원부,2022-05-27,https://portal.korea.ac.kr/front/Intro.kpd
[교외-6/26] 2022 광주시문화재단 문화예술 장학생 파운드1기 모...,학생지원부,2022-05-27,https://portal.korea.ac.kr/front/Intro.kpd
[대출이자지원] 2022년 상반기 지자체별 학자금 대출이자 지원사...,학생지원부,2022-05-27,https://portal.korea.ac.kr/front/Intro.kpd
[교외-6/10] (대구) 2022년 사랑의열매 과학기술 장학생 선발 공...,학생지원부,2022-05-24,https://portal.korea.ac.kr/front/Intro.kpd
[국가-6/23] 2022학년도 2학기 국가장학금 1차 신청 안내...,학생지원부,2022-05-23,https://portal.korea.ac.kr/front/Intro.kpd
[기금-5/25] 2022학년도 1학기 동곡이용희 장학금 온라인 신청 안...,학생지원부,2022-05-23,https://portal.korea.ac.kr/front/Intro.kpd
